<?xml version="1.0" encoding="UTF-8"?>
<config xmlns="http://www.knime.org/2008/09/XMLConfig" xmlns:xsi="http://www.w3.org/2001/XMLSchema-instance" xsi:schemaLocation="http://www.knime.org/2008/09/XMLConfig http://www.knime.org/XMLConfig_2008_09.xsd" key="MiningSchema">
<config key="learning">
<entry key="array-size" type="xint" value="17"/>
<entry key="0" type="xstring" value="surface"/>
<entry key="1" type="xstring" value="spherical_disproportion"/>
<entry key="2" type="xstring" value="max"/>
<entry key="3" type="xstring" value="median"/>
<entry key="4" type="xstring" value="MAD"/>
<entry key="5" type="xstring" value="energy"/>
<entry key="6" type="xstring" value="std"/>
<entry key="7" type="xstring" value="uniformity"/>
<entry key="8" type="xstring" value="glcm_contrast"/>
<entry key="9" type="xstring" value="glcm_entropy"/>
<entry key="10" type="xstring" value="glcm_correlation"/>
<entry key="11" type="xstring" value="glcm_sumaverage"/>
<entry key="12" type="xstring" value="glcm_dissimilarity"/>
<entry key="13" type="xstring" value="glcm_autocorrelation"/>
<entry key="14" type="xstring" value="glrlm_rp"/>
<entry key="15" type="xstring" value="glszm_gln"/>
<entry key="16" type="xstring" value="ngtdm_coarseness"/>
</config>
<config key="target">
<entry key="array-size" type="xint" value="0"/>
</config>
</config>
