<?xml version="1.0" encoding="UTF-8"?>
<config xmlns="http://www.knime.org/2008/09/XMLConfig" xmlns:xsi="http://www.w3.org/2001/XMLSchema-instance" xsi:schemaLocation="http://www.knime.org/2008/09/XMLConfig http://www.knime.org/XMLConfig_2008_09.xsd" key="MiningSchema">
<config key="learning">
<entry key="array-size" type="xint" value="58"/>
<entry key="0" type="xstring" value="mtv"/>
<entry key="1" type="xstring" value="surface"/>
<entry key="2" type="xstring" value="spherical_disproportion"/>
<entry key="3" type="xstring" value="sphericity"/>
<entry key="4" type="xstring" value="stv_ratio"/>
<entry key="5" type="xstring" value="max"/>
<entry key="6" type="xstring" value="min"/>
<entry key="7" type="xstring" value="mean"/>
<entry key="8" type="xstring" value="median"/>
<entry key="9" type="xstring" value="MAD"/>
<entry key="10" type="xstring" value="rms"/>
<entry key="11" type="xstring" value="energy"/>
<entry key="12" type="xstring" value="entropy"/>
<entry key="13" type="xstring" value="kurtosis"/>
<entry key="14" type="xstring" value="skewness"/>
<entry key="15" type="xstring" value="std"/>
<entry key="16" type="xstring" value="uniformity"/>
<entry key="17" type="xstring" value="variance"/>
<entry key="18" type="xstring" value="glcm_energy"/>
<entry key="19" type="xstring" value="glcm_contrast"/>
<entry key="20" type="xstring" value="glcm_entropy"/>
<entry key="21" type="xstring" value="glcm_homogeneity"/>
<entry key="22" type="xstring" value="glcm_correlation"/>
<entry key="23" type="xstring" value="glcm_sumaverage"/>
<entry key="24" type="xstring" value="glcm_variance"/>
<entry key="25" type="xstring" value="glcm_dissimilarity"/>
<entry key="26" type="xstring" value="glcm_autocorrelation"/>
<entry key="27" type="xstring" value="glrlm_sre"/>
<entry key="28" type="xstring" value="glrlm_lre"/>
<entry key="29" type="xstring" value="glrlm_gln"/>
<entry key="30" type="xstring" value="glrlm_rln"/>
<entry key="31" type="xstring" value="glrlm_rp"/>
<entry key="32" type="xstring" value="glrlm_lgre"/>
<entry key="33" type="xstring" value="glrlm_hgre"/>
<entry key="34" type="xstring" value="glrlm_srlge"/>
<entry key="35" type="xstring" value="glrlm_srhge"/>
<entry key="36" type="xstring" value="glrlm_lrlge"/>
<entry key="37" type="xstring" value="glrlm_lrhge"/>
<entry key="38" type="xstring" value="glrlm_glv"/>
<entry key="39" type="xstring" value="glrlm_rlv"/>
<entry key="40" type="xstring" value="glszm_sze"/>
<entry key="41" type="xstring" value="glszm_lze"/>
<entry key="42" type="xstring" value="glszm_gln"/>
<entry key="43" type="xstring" value="glszm_zsn"/>
<entry key="44" type="xstring" value="glszm_zp"/>
<entry key="45" type="xstring" value="glszm_lgze"/>
<entry key="46" type="xstring" value="glszm_hgze"/>
<entry key="47" type="xstring" value="glszm_szlge"/>
<entry key="48" type="xstring" value="glszm_szhge"/>
<entry key="49" type="xstring" value="glszm_lzlge"/>
<entry key="50" type="xstring" value="glszm_lzhge"/>
<entry key="51" type="xstring" value="glszm_glv"/>
<entry key="52" type="xstring" value="glszm_zsv"/>
<entry key="53" type="xstring" value="ngtdm_coarseness"/>
<entry key="54" type="xstring" value="ngtdm_contrast"/>
<entry key="55" type="xstring" value="ngtdm_busyness"/>
<entry key="56" type="xstring" value="ngtdm_complexity"/>
<entry key="57" type="xstring" value="ngtdm_strength"/>
</config>
<config key="target">
<entry key="array-size" type="xint" value="1"/>
<entry key="0" type="xstring" value="label"/>
</config>
</config>
